<?xml version="1.0" encoding="UTF-8"?><metadata>
    <idinfo>
        <citation>
            <citeinfo>
                <title>Central Ohio Fire Stations</title>
                <geoform>vector digital data</geoform>
                <pubinfo>
                    <publish>GIS Division</publish>
                </pubinfo>
            </citeinfo>
        </citation>
        <descript>
            <abstract>This map layer shows the location of central Ohio fire stations. It has fields that describe the station name, number, and agency that owns it. For the Columbus Fire Department, it also gives hyperlinks to each stations webpage. This data is used for 911 dispatching purposes. Locations are updated as stations are built or removed. This data was created by contacting each municipality or visiting their official websites.</abstract>
            <purpose>This map layer shows the location of central Ohio fire stations.</purpose>
        </descript>
        <status>
            <update>As needed</update>
        </status>
        <spdom>
            <bounding>
                <westbc>-83.235306</westbc>
                <eastbc>-82.651943</eastbc>
                <northbc>40.194358</northbc>
                <southbc>39.770815</southbc>
            </bounding>
        </spdom>
        <keywords>
            <theme>
                <themekt>None</themekt>
                <themekey>Ohio</themekey>
                <themekey>City</themekey>
                <themekey>Columbus</themekey>
                <themekey>Preparedness</themekey>
                <themekey>Public Safety</themekey>
                <themekey>Emergency Services</themekey>
                <themekey>Central Ohio</themekey>
                <themekey>Station</themekey>
                <themekey>Region</themekey>
                <themekey>Township</themekey>
                <themekey>Fire Department</themekey>
            </theme>
        </keywords>
        <accconst>None</accconst>
        <useconst>This data is dedicated to the public domain under the Creative Commons Universal License (CC0) </useconst>
        <ptcontac>
            <cntinfo>
                <cntorgp>
                    <cntorg>City of Columbus, Department of Technology</cntorg>
                    <cntper>GIS Division</cntper>
                </cntorgp>
                <cntemail>ColumbusGIS@columbus.gov</cntemail>
            </cntinfo>
        </ptcontac>
        <datacred>City of Columbus, Department of Public Safety, Columbus Division of Fire</datacred>
        <native>Microsoft Windows 7 Version 6.1 (Build 7601) Service Pack 1; Esri ArcGIS 10.3.1.4959</native>
    </idinfo>
    <spdoinfo>
        <direct>Vector</direct>
        <ptvctinf>
            <sdtsterm>
                <sdtstype>Entity point</sdtstype>
                <ptvctcnt>88</ptvctcnt>
            </sdtsterm>
        </ptvctinf>
    </spdoinfo>
    <eainfo>
        <detailed>
            <enttyp>
                <enttypl>COC.CFD_CENTRAL_OHIO_FIRE_STATIONS</enttypl>
            </enttyp>
            <attr>
                <attrlabl>OBJECTID</attrlabl>
                <attrdef>Internal feature number.</attrdef>
                <attrdefs>Esri</attrdefs>
                <attrdomv>
                    					
                    <udom>Sequential unique whole numbers that are automatically generated.</udom>
                    				
                </attrdomv>
            </attr>
            <attr>
                <attrlabl>FACILITY_N</attrlabl>
                <attrdef>Fire station municipality and number</attrdef>
                <attrdefs>Columbus Division of Fire</attrdefs>
            </attr>
            <attr>
                <attrlabl>FACILITY_T</attrlabl>
                <attrdef>Facility type</attrdef>
                <attrdefs>Columbus Division of Fire</attrdefs>
            </attr>
            <attr>
                <attrlabl>URL</attrlabl>
                <attrdef>URL link to individual station webpage.</attrdef>
                <attrdefs>Columbus Division of Fire</attrdefs>
            </attr>
            <attr>
                <attrlabl>CONTACT_M1</attrlabl>
                <attrdef>Address number and street name</attrdef>
                <attrdefs>Columbus Division of Fire</attrdefs>
            </attr>
            <attr>
                <attrlabl>CONTACT_M2</attrlabl>
                <attrdef>City, State and ZIP code of station</attrdef>
                <attrdefs>Columbus Division of Fire</attrdefs>
            </attr>
            <attr>
                <attrlabl>STATIONNUM</attrlabl>
                <attrdef>The designated fire station number</attrdef>
                <attrdefs>Columbus Division of Fire</attrdefs>
            </attr>
            <attr>
                <attrlabl>AGENCY</attrlabl>
                <attrdef>The municipality that owns and operates the fire station</attrdef>
                <attrdefs>Columbus Division of Fire</attrdefs>
            </attr>
            <attr>
                <attrlabl>NAME</attrlabl>
                <attrdef>The honorary name of the fire station. Not all stations have these.</attrdef>
                <attrdefs>Columbus Division of Fire</attrdefs>
            </attr>
            <attr>
                <attrlabl>XCOORD</attrlabl>
                <attrdef>The x coordinate of the fire station</attrdef>
                <attrdefs>Columbus Division of Fire</attrdefs>
            </attr>
            <attr>
                <attrlabl>YCOORD</attrlabl>
                <attrdef>The y coordinate of the fire station</attrdef>
                <attrdefs>Columbus Division of Fire</attrdefs>
            </attr>
            <attr>
                <attrlabl>GLOBALID</attrlabl>
            </attr>
            <attr>
                <attrlabl>CREATED_USER</attrlabl>
            </attr>
            <attr>
                <attrlabl>CREATED_DATE</attrlabl>
            </attr>
            <attr>
                <attrlabl>LAST_EDIT_USER</attrlabl>
            </attr>
            <attr>
                <attrlabl>LAST_EDIT_DATE</attrlabl>
            </attr>
            <attr>
                <attrlabl>SHAPE</attrlabl>
                <attrdef>Feature geometry.</attrdef>
                <attrdefs>Esri</attrdefs>
                <attrdomv>
                    					
                    <udom>Coordinates defining the features.</udom>
                    				
                </attrdomv>
            </attr>
        </detailed>
    </eainfo>
    <metainfo>
        <metd>20170705</metd>
        <metc>
            <cntinfo>
                <!--no contact person or organization name available-->
            </cntinfo>
        </metc>
        <metstdn>FGDC Content Standard for Digital Geospatial Metadata</metstdn>
        <metstdv>FGDC-STD-001-1998</metstdv>
        <mettc>local time</mettc>
        <metuc>This data is dedicated to the public domain under the Creative Commons Universal License (CC0).</metuc>
    </metainfo>
</metadata>
